Workbook

Sheet INFO
A1: FERG2 DALY CALCULATION TEMPLATE
A3: CAUSE | B3: Cassava
A4: AUTHOR | B4: Carlotta di Bari
A5: LAST UPDATED | B5: 45720
A6: INFO

Sheet DM
A1: NODE | B1: PARENT | C1: TYPE | D1: DENOMINATOR | E1: CONTRIBUTION | F1: INCIDENCE
A2: INC_konzo | B2: NA | C2: INC | D2: 100000 | E2: NA | F2: YES
A3: SURV_konzo | B3: INC_konzo | C3: SPLIT | D3: 1 | E3: YLD | F3: NO
A4: CFR_konzo_YLD | B4: INC_konzo | C4: SPLIT | D4: 1 | E4: YLD | F4: NO
A5: CFR_konzo_YLL | B5: CFR_konzo_YLD | C5: PROB | D5: 1 | E5: YLL | F5: NO

Sheet INC_konzo
A1: NODE | B1: INC_konzo
A2: PARENT | B2: =VLOOKUP(B1,DM!A:F,2,FALSE) -> NA
A3: TYPE | B3: =VLOOKUP(B1,DM!A:F,3,FALSE) -> INC
A4: DENOMINATOR | B4: =VLOOKUP(B1,DM!A:F,4,FALSE) -> 100000
A5: CONTRIBUTION | B5: =VLOOKUP(B1,DM!A:F,5,FALSE) -> NA
A6: INCIDENCE | B6: =VLOOKUP(B1,DM!A:F,6,FALSE) -> YES
A7: DATE | B7: 45734
A8: INFO
A10: VALUE | D10: Simulations
B11: COUNTRY | C11: YEAR | D11: =IF(D10="Simulations","File name",IF(D10="Mean","Mean",IF(D10="Gamma","Shape",IF(D10="Beta","Alpha",IF(D10="Mean & 95%CI","Mean",IF(D10="Min/Max","Min",IF(D10="Mode/Min/Max","Mode",""))))))) -> File name | E11: Transformation | F11: =IF(D10="Mean & 95%CI","97.5%",IF(D10="Mode/Min/Max","Max","")) | G11: COMMENT
B12: ALL | C12: ALL | D12: sim_all_20250317.rds | E12: log | G12: incidence konzo
A14: DURATION | D14: Lifelong
B15: COUNTRY | C15: YEAR | D15: =IF(D14="Mean","Mean",IF(D14="Gamma","Shape",IF(D14="Beta","Alpha",IF(D14="Mean & 95%CI","Mean",IF(D14="Min/Max","Min",IF(D14="Mode/Min/Max","Mode","")))))) | E15: =IF(D14="Gamma","Rate",IF(D14="Beta","Beta",IF(D14="Mean & 95%CI","2.5%",IF(D14="Min/Max","Max",IF(D14="Mode/Min/Max","Min",""))))) | F15: =IF(D14="Mean & 95%CI","97.5%",IF(D14="Mode/Min/Max","Max","")) | G15: COMMENT
B16: ALL | C16: ALL
A18: DISABILITY WEIGHT | D18: Mean
B19: COUNTRY | C19: YEAR | D19: =IF(D18="Mean","Mean",IF(D18="Gamma","Shape",IF(D18="Beta","Alpha",IF(D18="Mean & 95%CI","Mean",IF(D18="Min/Max","Min",IF(D18="Mode/Min/Max","Mode","")))))) -> Mean | E19: =IF(D18="Gamma","Rate",IF(D18="Beta","Beta",IF(D18="Mean & 95%CI","2.5%",IF(D18="Min/Max","Max",IF(D18="Mode/Min/Max","Min",""))))) | F19: =IF(D18="Mean & 95%CI","97.5%",IF(D18="Mode/Min/Max","Max","")) | G19: COMMENT
B20: ALL | C20: ALL | D20: NA
A22: AGE
B23: COUNTRY | C23: YEAR | D23: <5 | E23: 5-14 | F23: 15-24 | G23: 25-34 | H23: 35-44 | I23: 45-54 | J23: 55-64 | K23: 65-74 | L23: 75+ | P23: COMMENT
B24: ALL | C24: ALL | D24: 0.04569 | E24: 0.45685 | F24: 0.20812 | G24: 0.20812 | H24: 0.05076 | I24: 0.01523 | J24: 0.01015 | K24: 0.00508 | L24: 0
A26: SEX
B27: COUNTRY | C27: YEAR | D27: Male | E27: Female | F27: COMMENT
B28: ALL | C28: ALL | D28: 0.3401 | E28: =1-D28 -> 0.6599

Sheet SURV_konzo
A1: NODE | B1: SURV_konzo
A2: PARENT | B2: =VLOOKUP(B1,DM!A:F,2,FALSE) -> INC_konzo
A3: TYPE | B3: =VLOOKUP(B1,DM!A:F,3,FALSE) -> SPLIT
A4: DENOMINATOR | B4: =VLOOKUP(B1,DM!A:F,4,FALSE) -> 1
A5: CONTRIBUTION | B5: =VLOOKUP(B1,DM!A:F,5,FALSE) -> YLD
A6: INCIDENCE | B6: =VLOOKUP(B1,DM!A:F,6,FALSE) -> NO
A7: DATE | B7: 45397
A8: INFO
A10: VALUE | D10: Beta
B11: COUNTRY | C11: YEAR | D11: =IF(D10="Simulations","File name",IF(D10="Mean","Mean",IF(D10="Gamma","Shape",IF(D10="Beta","Alpha",IF(D10="Mean & 95%CI","Mean",IF(D10="Min/Max","Min",IF(D10="Mode/Min/Max","Mode",""))))))) -> Alpha | E11: =IF(D10="Gamma","Rate",IF(D10="Beta","Beta",IF(D10="Mean & 95%CI","2.5%",IF(D10="Min/Max","Max",IF(D10="Mode/Min/Max","Min",""))))) -> Beta | F11: =IF(D10="Mean & 95%CI","97.5%",IF(D10="Mode/Min/Max","Max","")) | G11: COMMENT
B12: ALL | C12: ALL | D12: 267 | E12: 73 | G12: 73 out of 340 cases died -> 340-73 cases survived
A14: DURATION | D14: Lifelong
B15: COUNTRY | C15: YEAR | D15: =IF(D14="Mean","Mean",IF(D14="Gamma","Shape",IF(D14="Beta","Alpha",IF(D14="Mean & 95%CI","Mean",IF(D14="Min/Max","Min",IF(D14="Mode/Min/Max","Mode","")))))) | E15: =IF(D14="Gamma","Rate",IF(D14="Beta","Beta",IF(D14="Mean & 95%CI","2.5%",IF(D14="Min/Max","Max",IF(D14="Mode/Min/Max","Min",""))))) | F15: =IF(D14="Mean & 95%CI","97.5%",IF(D14="Mode/Min/Max","Max","")) | G15: COMMENT
B16: ALL | C16: ALL
A18: DISABILITY WEIGHT | D18: Mean & 95%CI
B19: COUNTRY | C19: YEAR | D19: =IF(D18="Mean","Mean",IF(D18="Gamma","Shape",IF(D18="Beta","Alpha",IF(D18="Mean & 95%CI","Mean",IF(D18="Min/Max","Min",IF(D18="Mode/Min/Max","Mode","")))))) -> Mean | E19: =IF(D18="Gamma","Rate",IF(D18="Beta","Beta",IF(D18="Mean & 95%CI","2.5%",IF(D18="Min/Max","Max",IF(D18="Mode/Min/Max","Min",""))))) -> 2.5% | F19: =IF(D18="Mean & 95%CI","97.5%",IF(D18="Mode/Min/Max","Max","")) -> 97.5% | G19: COMMENT
B20: ALL | C20: ALL | D20: 0.063 | E20: 0.047 | F20: 0.08
A22: AGE
B23: COUNTRY | C23: YEAR | D23: <5 | E23: 5-14 | F23: 15-24 | G23: 25-34 | H23: 35-44 | I23: 45-54 | J23: 55-64 | K23: 65-74 | L23: 75+ | P23: COMMENT
B24: ALL | C24: ALL | D24: 0.04569 | E24: 0.45685 | F24: 0.20812 | G24: 0.20812 | H24: 0.05076 | I24: 0.01523 | J24: 0.01015 | K24: 0.00508 | L24: 0
A26: SEX
B27: COUNTRY | C27: YEAR | D27: Male | E27: Female | F27: COMMENT
B28: ALL | C28: ALL | D28: 0.34010152 | E28: =1-D28 -> 0.65989848

Sheet CFR_konzo_YLD
A1: NODE | B1: CFR_konzo_YLD
A2: PARENT | B2: =VLOOKUP(B1,DM!A:F,2,FALSE) -> INC_konzo
A3: TYPE | B3: =VLOOKUP(B1,DM!A:F,3,FALSE) -> SPLIT
A4: DENOMINATOR | B4: =VLOOKUP(B1,DM!A:F,4,FALSE) -> 1
A5: CONTRIBUTION | B5: =VLOOKUP(B1,DM!A:F,5,FALSE) -> YLD
A6: INCIDENCE | B6: =VLOOKUP(B1,DM!A:F,6,FALSE) -> NO
A7: DATE | B7: 45397
A8: INFO
A10: VALUE | D10: Beta
B11: COUNTRY | C11: YEAR | D11: =IF(D10="Simulations","File name",IF(D10="Mean","Mean",IF(D10="Gamma","Shape",IF(D10="Beta","Alpha",IF(D10="Mean & 95%CI","Mean",IF(D10="Min/Max","Min",IF(D10="Mode/Min/Max","Mode",""))))))) -> Alpha | E11: =IF(D10="Gamma","Rate",IF(D10="Beta","Beta",IF(D10="Mean & 95%CI","2.5%",IF(D10="Min/Max","Max",IF(D10="Mode/Min/Max","Min",""))))) -> Beta | F11: =IF(D10="Mean & 95%CI","97.5%",IF(D10="Mode/Min/Max","Max","")) | G11: COMMENT
B12: ALL | C12: ALL | D12: 73 | E12: 267 | G12: 73 out of 340 cases = 21% CFR; in average, patients die 1-7 years after onset
A14: DURATION | D14: Mode/Min/Max
B15: COUNTRY | C15: YEAR | D15: =IF(D14="Mean","Mean",IF(D14="Gamma","Shape",IF(D14="Beta","Alpha",IF(D14="Mean & 95%CI","Mean",IF(D14="Min/Max","Min",IF(D14="Mode/Min/Max","Mode","")))))) -> Mode | E15: =IF(D14="Gamma","Rate",IF(D14="Beta","Beta",IF(D14="Mean & 95%CI","2.5%",IF(D14="Min/Max","Max",IF(D14="Mode/Min/Max","Min",""))))) -> Min | F15: =IF(D14="Mean & 95%CI","97.5%",IF(D14="Mode/Min/Max","Max","")) -> Max | G15: COMMENT
B16: ALL | C16: ALL | D16: 3 | E16: 1 | F16: 7
A18: DISABILITY WEIGHT | D18: Mean & 95%CI
B19: COUNTRY | C19: YEAR | D19: =IF(D18="Mean","Mean",IF(D18="Gamma","Shape",IF(D18="Beta","Alpha",IF(D18="Mean & 95%CI","Mean",IF(D18="Min/Max","Min",IF(D18="Mode/Min/Max","Mode","")))))) -> Mean | E19: =IF(D18="Gamma","Rate",IF(D18="Beta","Beta",IF(D18="Mean & 95%CI","2.5%",IF(D18="Min/Max","Max",IF(D18="Mode/Min/Max","Min",""))))) -> 2.5% | F19: =IF(D18="Mean & 95%CI","97.5%",IF(D18="Mode/Min/Max","Max","")) -> 97.5% | G19: COMMENT
B20: ALL | C20: ALL | D20: 0.063 | E20: 0.047 | F20: 0.08
A22: AGE
B23: COUNTRY | C23: YEAR | D23: <5 | E23: 5-14 | F23: 15-24 | G23: 25-34 | H23: 35-44 | I23: 45-54 | J23: 55-64 | K23: 65-74 | L23: 75+ | P23: COMMENT
B24: ALL | C24: ALL | D24: 0.04569 | E24: 0.45685 | F24: 0.20812 | G24: 0.20812 | H24: 0.05076 | I24: 0.01523 | J24: 0.01015 | K24: 0.00508 | L24: 0
A26: SEX
B27: COUNTRY | C27: YEAR | D27: Male | E27: Female | F27: COMMENT
B28: ALL | C28: ALL | D28: 0.34010152 | E28: =1-D28 -> 0.65989848

Sheet CFR_konzo_YLL
A1: NODE | B1: CFR_konzo_YLL
A2: PARENT | B2: =VLOOKUP(B1,DM!A:F,2,FALSE) -> CFR_konzo_YLD
A3: TYPE | B3: =VLOOKUP(B1,DM!A:F,3,FALSE) -> PROB
A4: DENOMINATOR | B4: =VLOOKUP(B1,DM!A:F,4,FALSE) -> 1
A5: CONTRIBUTION | B5: =VLOOKUP(B1,DM!A:F,5,FALSE) -> YLL
A6: INCIDENCE | B6: =VLOOKUP(B1,DM!A:F,6,FALSE) -> NO
A7: DATE | B7: 45751
A8: INFO
A10: VALUE | D10: Mean
B11: COUNTRY | C11: YEAR | D11: =IF(D10="Simulations","File name",IF(D10="Mean","Mean",IF(D10="Gamma","Shape",IF(D10="Beta","Alpha",IF(D10="Mean & 95%CI","Mean",IF(D10="Min/Max","Min",IF(D10="Mode/Min/Max","Mode",""))))))) -> Mean | E11: =IF(D10="Gamma","Rate",IF(D10="Beta","Beta",IF(D10="Mean & 95%CI","2.5%",IF(D10="Min/Max","Max",IF(D10="Mode/Min/Max","Min",""))))) | F11: =IF(D10="Mean & 95%CI","97.5%",IF(D10="Mode/Min/Max","Max","")) | G11: COMMENT
B12: ALL | C12: ALL | D12: 1 | G12: GBD data?
A14: DURATION | D14: Lifelong
B15: COUNTRY | C15: YEAR | D15: =IF(D14="Mean","Mean",IF(D14="Gamma","Shape",IF(D14="Beta","Alpha",IF(D14="Mean & 95%CI","Mean",IF(D14="Min/Max","Min",IF(D14="Mode/Min/Max","Mode","")))))) | E15: =IF(D14="Gamma","Rate",IF(D14="Beta","Beta",IF(D14="Mean & 95%CI","2.5%",IF(D14="Min/Max","Max",IF(D14="Mode/Min/Max","Min",""))))) | F15: =IF(D14="Mean & 95%CI","97.5%",IF(D14="Mode/Min/Max","Max","")) | G15: COMMENT
B16: ALL | C16: ALL
A18: DISABILITY WEIGHT | D18: Mean
B19: COUNTRY | C19: YEAR | D19: =IF(D18="Mean","Mean",IF(D18="Gamma","Shape",IF(D18="Beta","Alpha",IF(D18="Mean & 95%CI","Mean",IF(D18="Min/Max","Min",IF(D18="Mode/Min/Max","Mode","")))))) -> Mean | E19: =IF(D18="Gamma","Rate",IF(D18="Beta","Beta",IF(D18="Mean & 95%CI","2.5%",IF(D18="Min/Max","Max",IF(D18="Mode/Min/Max","Min",""))))) | F19: =IF(D18="Mean & 95%CI","97.5%",IF(D18="Mode/Min/Max","Max","")) | G19: COMMENT
B20: ALL | C20: ALL | D20: NA
A22: AGE
B23: COUNTRY | C23: YEAR | D23: <5 | E23: 5-14 | F23: 15-24 | G23: 25-34 | H23: 35-44 | I23: 45-54 | J23: 55+ | P23: COMMENT
B24: ALL | C24: ALL | D24: 0.0667 | E24: 0.2 | F24: 0.3333 | G24: 0.2666 | H24: 0.0667 | I24: 0.0667 | J24: 0
A26: SEX
B27: COUNTRY | C27: YEAR | D27: Male | E27: Female | F27: COMMENT
B28: ALL | C28: ALL | D28: 0.4 | E28: 0.6
